id,title,comment,created,updated,user_id,recipe_id,active,in_reply_to,
5,Delicious!,I love this recipe,2022-03-23,2022-05-19,21,17,1,167,
6,Not for me,"Tried it, not my favorite",2022-06-08,2022-05-18,30,3,1,130,
7,Good cookin',My family loved this!,2022-05-17,2022-04-28,6,8,1,40,
8,Hot stuff,"Holy guacamole, this recipe is on fire!",2022-05-31,2022-04-17,17,8,1,131,
9,"LFG, bro!","GG, this meal is OP brah!",2022-04-19,2022-04-05,26,6,1,64,
10,Cleaning out my fridge,I can't believe how much food I used up by cooking this recipe. It saved me time and money.,2022-04-13,2022-04-11,40,16,1,53,
11,Thank goodness for good food,Couldn't be happier with how this recipe turned out,2022-05-06,2022-04-30,29,17,1,179,
12,Can't stand it,What was that that I just ate?!?!?!?!,2022-03-31,2022-06-29,21,1,1,35,
13,Join my Discord for crypto recipes,My Telegram spam bot wants to chat with you,2022-04-16,2022-03-26,38,17,1,36,
14,Hungry for more,What a recipe; I need more like this!,2022-04-18,2022-06-05,3,11,1,76,
15,Where did the time go?,I spent all day cooking up this recipe and others. The time went by fast! I'm thoroughly pleased with the recipes on this site.,2022-05-03,2022-04-18,5,12,1,200,
16,I can't find my rice,Have you seen it?,2022-05-11,2022-05-25,45,1,1,139,
17,"Gibs me mo, bro","I wub dis yummeez, uwu",2022-04-24,2022-04-02,12,9,1,1,
18,Just like momma used to make,Nothing like soul food for your soul.,2022-05-03,2022-05-26,22,9,1,41,
19,Can't beats the eats!,"Best meal in ages, need to keep this around.",2022-05-16,2022-04-11,17,13,1,171,
20,Meh.,"Not good, not bad. S'okay? S'aright.",2022-06-18,2022-04-14,33,8,1,105,
21,How does this cost so much?,I can't afford these ingredients. The price of inflation is too darn high!,2022-05-09,2022-05-04,1,6,1,45,
22,Hmm…,"Not sure if this is good food, or my tastebuds are broken.",2022-04-14,2022-05-02,9,1,1,39,
23,42,"The meaning of Life, the Universe, and Everything…. Or Jackie Robinson. Both are good, neither are food.",2022-03-29,2022-06-06,25,16,1,191,
24,Tres Manifique!!,Je t'aime this meal. Allons y!!!!!,2022-06-14,2022-06-24,19,3,1,79,
25,My momma used to say…,Life is like a box of chocolates. And they are a great dessert after some delicious shrimp dinner!,2022-03-31,2022-06-18,46,1,1,162,
26,Tryin' to cut…,"So I can't cook this meal; I only eat chicken, rice, and broccoli.",2022-06-21,2022-05-18,26,6,1,36,
27,Breaking in my new frying pan,I love cooking this meal! Getting good use out of my kitchen!,2022-04-22,2022-05-24,19,6,1,23,
28,What did I just eat?,It wasn't good. It wasn't food. It wasn't worth my time.,2022-05-16,2022-03-30,53,11,1,87,
29,Delicious!,I love this recipe,2022-03-29,2022-03-28,14,10,1,154,
30,Not for me,"Tried it, not my favorite",2022-06-05,2022-03-27,52,8,1,192,
31,Good cookin',My family loved this!,2022-05-28,2022-03-26,23,8,1,194,
32,Hot stuff,"Holy guacamole, this recipe is on fire!",2022-03-22,2022-04-30,35,5,1,151,
33,"LFG, bro!","GG, this meal is OP brah!",2022-04-07,2022-05-10,39,1,1,26,
34,Cleaning out my fridge,I can't believe how much food I used up by cooking this recipe. It saved me time and money.,2022-04-02,2022-03-25,10,8,1,162,
35,Thank goodness for good food,Couldn't be happier with how this recipe turned out,2022-04-07,2022-03-30,48,9,1,10,
36,Can't stand it,What was that that I just ate?!?!?!?!,2022-06-05,2022-05-12,21,11,1,51,
37,Join my Discord for crypto recipes,My Telegram spam bot wants to chat with you,2022-03-29,2022-06-26,20,3,1,11,
38,Hungry for more,What a recipe; I need more like this!,2022-05-18,2022-04-06,32,6,1,102,
39,Where did the time go?,I spent all day cooking up this recipe and others. The time went by fast! I'm thoroughly pleased with the recipes on this site.,2022-06-27,2022-05-09,9,3,1,52,
40,I can't find my rice,Have you seen it?,2022-06-20,2022-06-11,48,8,1,101,
41,"Gibs me mo, bro","I wub dis yummeez, uwu",2022-05-20,2022-04-02,21,15,1,144,
42,Just like momma used to make,Nothing like soul food for your soul.,2022-05-06,2022-04-26,10,3,1,70,
43,Can't beats the eats!,"Best meal in ages, need to keep this around.",2022-04-03,2022-06-27,24,11,1,68,
44,Meh.,"Not good, not bad. S'okay? S'aright.",2022-05-16,2022-04-10,50,10,1,93,
45,How does this cost so much?,I can't afford these ingredients. The price of inflation is too darn high!,2022-04-27,2022-04-12,28,16,1,136,
46,Hmm…,"Not sure if this is good food, or my tastebuds are broken.",2022-04-04,2022-04-14,6,9,1,62,
47,42,"The meaning of Life, the Universe, and Everything…. Or Jackie Robinson. Both are good, neither are food.",2022-03-27,2022-05-02,28,17,1,180,
48,Tres Manifique!!,Je t'aime this meal. Allons y!!!!!,2022-04-20,2022-06-15,31,8,1,68,
49,My momma used to say…,Life is like a box of chocolates. And they are a great dessert after some delicious shrimp dinner!,2022-03-29,2022-06-24,26,7,1,18,
50,Tryin' to cut…,"So I can't cook this meal; I only eat chicken, rice, and broccoli.",2022-06-19,2022-06-19,19,7,1,122,
51,Breaking in my new frying pan,I love cooking this meal! Getting good use out of my kitchen!,2022-03-23,2022-04-06,39,10,1,43,
52,What did I just eat?,It wasn't good. It wasn't food. It wasn't worth my time.,2022-06-04,2022-06-06,40,3,1,127,
53,Delicious!,I love this recipe,2022-06-15,2022-06-06,52,4,1,41,
54,Not for me,"Tried it, not my favorite",2022-06-02,2022-05-24,46,17,1,91,
55,Good cookin',My family loved this!,2022-04-25,2022-05-16,27,8,1,193,
56,Hot stuff,"Holy guacamole, this recipe is on fire!",2022-04-01,2022-05-19,31,3,1,167,
57,"LFG, bro!","GG, this meal is OP brah!",2022-06-26,2022-05-29,3,14,1,110,
58,Cleaning out my fridge,I can't believe how much food I used up by cooking this recipe. It saved me time and money.,2022-03-24,2022-06-06,18,6,1,175,
59,Thank goodness for good food,Couldn't be happier with how this recipe turned out,2022-04-29,2022-06-10,41,11,1,146,
60,Can't stand it,What was that that I just ate?!?!?!?!,2022-04-01,2022-04-11,5,7,1,65,
61,Join my Discord for crypto recipes,My Telegram spam bot wants to chat with you,2022-04-13,2022-05-09,6,10,1,117,
62,Hungry for more,What a recipe; I need more like this!,2022-05-11,2022-05-06,44,15,1,62,
63,Where did the time go?,I spent all day cooking up this recipe and others. The time went by fast! I'm thoroughly pleased with the recipes on this site.,2022-06-10,2022-03-24,11,17,1,115,
64,I can't find my rice,Have you seen it?,2022-04-18,2022-06-04,39,8,1,39,
65,"Gibs me mo, bro","I wub dis yummeez, uwu",2022-04-06,2022-06-20,39,10,1,61,
66,Just like momma used to make,Nothing like soul food for your soul.,2022-03-24,2022-04-28,37,9,1,54,
67,Can't beats the eats!,"Best meal in ages, need to keep this around.",2022-03-22,2022-04-08,8,7,1,186,
68,Meh.,"Not good, not bad. S'okay? S'aright.",2022-05-02,2022-04-22,48,17,1,126,
69,How does this cost so much?,I can't afford these ingredients. The price of inflation is too darn high!,2022-05-06,2022-06-24,12,15,1,28,
70,Hmm…,"Not sure if this is good food, or my tastebuds are broken.",2022-04-16,2022-05-08,34,11,1,153,
71,42,"The meaning of Life, the Universe, and Everything…. Or Jackie Robinson. Both are good, neither are food.",2022-03-30,2022-05-02,36,2,1,62,
72,Tres Manifique!!,Je t'aime this meal. Allons y!!!!!,2022-05-18,2022-04-29,28,1,1,39,
73,My momma used to say…,Life is like a box of chocolates. And they are a great dessert after some delicious shrimp dinner!,2022-04-28,2022-03-28,9,10,1,134,
74,Tryin' to cut…,"So I can't cook this meal; I only eat chicken, rice, and broccoli.",2022-06-02,2022-05-07,3,15,1,92,
75,Breaking in my new frying pan,I love cooking this meal! Getting good use out of my kitchen!,2022-05-14,2022-04-21,17,12,1,187,
76,What did I just eat?,It wasn't good. It wasn't food. It wasn't worth my time.,2022-05-10,2022-05-08,29,16,1,181,
77,Delicious!,I love this recipe,2022-06-08,2022-03-30,29,6,1,100,
78,Not for me,"Tried it, not my favorite",2022-04-07,2022-06-02,4,7,1,2,
79,Good cookin',My family loved this!,2022-06-14,2022-06-04,29,1,1,31,
80,Hot stuff,"Holy guacamole, this recipe is on fire!",2022-05-27,2022-06-14,18,9,1,94,
81,"LFG, bro!","GG, this meal is OP brah!",2022-06-08,2022-04-12,50,14,1,3,
82,Cleaning out my fridge,I can't believe how much food I used up by cooking this recipe. It saved me time and money.,2022-03-30,2022-04-06,22,8,1,26,
83,Thank goodness for good food,Couldn't be happier with how this recipe turned out,2022-05-21,2022-06-03,34,15,1,180,
84,Can't stand it,What was that that I just ate?!?!?!?!,2022-04-03,2022-04-08,21,8,1,92,
85,Join my Discord for crypto recipes,My Telegram spam bot wants to chat with you,2022-05-11,2022-04-03,15,16,1,13,
86,Hungry for more,What a recipe; I need more like this!,2022-06-18,2022-04-05,11,12,1,67,
87,Where did the time go?,I spent all day cooking up this recipe and others. The time went by fast! I'm thoroughly pleased with the recipes on this site.,2022-05-11,2022-06-01,17,16,1,3,
88,I can't find my rice,Have you seen it?,2022-04-19,2022-03-23,39,14,1,92,
89,"Gibs me mo, bro","I wub dis yummeez, uwu",2022-04-17,2022-05-26,30,8,1,49,
90,Just like momma used to make,Nothing like soul food for your soul.,2022-05-14,2022-04-18,26,9,1,118,
91,Can't beats the eats!,"Best meal in ages, need to keep this around.",2022-06-09,2022-06-04,11,6,1,181,
92,Meh.,"Not good, not bad. S'okay? S'aright.",2022-05-14,2022-03-23,30,3,1,43,
93,How does this cost so much?,I can't afford these ingredients. The price of inflation is too darn high!,2022-05-24,2022-06-26,16,8,1,113,
94,Hmm…,"Not sure if this is good food, or my tastebuds are broken.",2022-06-06,2022-05-19,43,3,1,38,
95,42,"The meaning of Life, the Universe, and Everything…. Or Jackie Robinson. Both are good, neither are food.",2022-06-23,2022-03-22,42,15,1,172,
96,Tres Manifique!!,Je t'aime this meal. Allons y!!!!!,2022-03-24,2022-06-11,14,7,1,200,
97,My momma used to say…,Life is like a box of chocolates. And they are a great dessert after some delicious shrimp dinner!,2022-05-13,2022-05-26,3,4,1,69,
98,Tryin' to cut…,"So I can't cook this meal; I only eat chicken, rice, and broccoli.",2022-06-13,2022-06-23,30,2,1,98,
99,Breaking in my new frying pan,I love cooking this meal! Getting good use out of my kitchen!,2022-05-17,2022-06-14,47,5,1,159,
100,What did I just eat?,It wasn't good. It wasn't food. It wasn't worth my time.,2022-05-23,2022-06-15,53,12,1,187,
101,Delicious!,I love this recipe,2022-05-23,2022-06-11,35,16,1,51,
102,Not for me,"Tried it, not my favorite",2022-03-31,2022-03-26,37,6,1,183,
103,Good cookin',My family loved this!,2022-05-01,2022-05-10,47,14,1,102,
104,Hot stuff,"Holy guacamole, this recipe is on fire!",2022-04-11,2022-06-25,3,13,1,93,
105,"LFG, bro!","GG, this meal is OP brah!",2022-05-31,2022-06-28,17,14,1,187,
106,Cleaning out my fridge,I can't believe how much food I used up by cooking this recipe. It saved me time and money.,2022-04-12,2022-05-14,17,1,1,48,
107,Thank goodness for good food,Couldn't be happier with how this recipe turned out,2022-04-12,2022-04-24,13,12,1,24,
108,Can't stand it,What was that that I just ate?!?!?!?!,2022-05-12,2022-06-03,2,15,1,150,
109,Join my Discord for crypto recipes,My Telegram spam bot wants to chat with you,2022-03-27,2022-05-16,29,13,1,39,
110,Hungry for more,What a recipe; I need more like this!,2022-05-27,2022-05-22,1,5,1,149,
111,Where did the time go?,I spent all day cooking up this recipe and others. The time went by fast! I'm thoroughly pleased with the recipes on this site.,2022-05-14,2022-06-04,36,6,1,63,
112,I can't find my rice,Have you seen it?,2022-06-04,2022-04-07,42,5,1,146,
113,"Gibs me mo, bro","I wub dis yummeez, uwu",2022-05-17,2022-04-18,49,1,1,72,
114,Just like momma used to make,Nothing like soul food for your soul.,2022-06-08,2022-05-22,50,17,1,111,
115,Can't beats the eats!,"Best meal in ages, need to keep this around.",2022-06-01,2022-03-29,43,9,1,89,
116,Meh.,"Not good, not bad. S'okay? S'aright.",2022-04-04,2022-04-24,32,2,1,132,
117,How does this cost so much?,I can't afford these ingredients. The price of inflation is too darn high!,2022-05-10,2022-06-03,26,1,1,150,
118,Hmm…,"Not sure if this is good food, or my tastebuds are broken.",2022-04-30,2022-03-29,1,12,1,18,
119,42,"The meaning of Life, the Universe, and Everything…. Or Jackie Robinson. Both are good, neither are food.",2022-04-30,2022-06-23,26,6,1,54,
120,Tres Manifique!!,Je t'aime this meal. Allons y!!!!!,2022-06-11,2022-04-16,12,7,1,115,
121,My momma used to say…,Life is like a box of chocolates. And they are a great dessert after some delicious shrimp dinner!,2022-06-15,2022-06-29,40,7,1,25,
122,Tryin' to cut…,"So I can't cook this meal; I only eat chicken, rice, and broccoli.",2022-06-13,2022-04-03,5,12,1,62,
123,Breaking in my new frying pan,I love cooking this meal! Getting good use out of my kitchen!,2022-06-02,2022-06-22,11,3,1,4,
124,What did I just eat?,It wasn't good. It wasn't food. It wasn't worth my time.,2022-06-09,2022-05-05,13,7,1,132,
125,Delicious!,I love this recipe,2022-04-03,2022-06-04,51,13,1,127,
126,Not for me,"Tried it, not my favorite",2022-05-16,2022-03-24,17,7,1,55,
127,Good cookin',My family loved this!,2022-06-09,2022-06-29,44,1,1,193,
128,Hot stuff,"Holy guacamole, this recipe is on fire!",2022-04-11,2022-04-06,42,5,1,50,
129,"LFG, bro!","GG, this meal is OP brah!",2022-05-03,2022-04-10,4,2,1,155,
130,Cleaning out my fridge,I can't believe how much food I used up by cooking this recipe. It saved me time and money.,2022-05-07,2022-04-14,50,2,1,46,
131,Thank goodness for good food,Couldn't be happier with how this recipe turned out,2022-06-16,2022-05-16,46,11,1,97,
132,Can't stand it,What was that that I just ate?!?!?!?!,2022-04-29,2022-05-12,19,10,1,182,
133,Join my Discord for crypto recipes,My Telegram spam bot wants to chat with you,2022-04-05,2022-06-09,52,5,1,136,
134,Hungry for more,What a recipe; I need more like this!,2022-03-23,2022-06-19,7,13,1,5,
135,Where did the time go?,I spent all day cooking up this recipe and others. The time went by fast! I'm thoroughly pleased with the recipes on this site.,2022-04-07,2022-05-04,19,11,1,116,
136,I can't find my rice,Have you seen it?,2022-06-06,2022-04-10,11,2,1,52,
137,"Gibs me mo, bro","I wub dis yummeez, uwu",2022-05-03,2022-06-14,15,10,1,199,
138,Just like momma used to make,Nothing like soul food for your soul.,2022-05-25,2022-06-02,40,13,1,49,
139,Can't beats the eats!,"Best meal in ages, need to keep this around.",2022-05-25,2022-04-07,47,13,1,130,
140,Meh.,"Not good, not bad. S'okay? S'aright.",2022-04-23,2022-05-21,44,15,1,170,
141,How does this cost so much?,I can't afford these ingredients. The price of inflation is too darn high!,2022-06-28,2022-06-20,21,4,1,194,
142,Hmm…,"Not sure if this is good food, or my tastebuds are broken.",2022-03-27,2022-05-15,6,13,1,65,
143,42,"The meaning of Life, the Universe, and Everything…. Or Jackie Robinson. Both are good, neither are food.",2022-04-05,2022-05-20,12,16,1,63,
144,Tres Manifique!!,Je t'aime this meal. Allons y!!!!!,2022-04-17,2022-04-30,44,10,1,194,
145,My momma used to say…,Life is like a box of chocolates. And they are a great dessert after some delicious shrimp dinner!,2022-04-25,2022-04-22,42,3,1,142,
146,Tryin' to cut…,"So I can't cook this meal; I only eat chicken, rice, and broccoli.",2022-05-18,2022-06-07,40,7,1,65,
147,Breaking in my new frying pan,I love cooking this meal! Getting good use out of my kitchen!,2022-04-28,2022-04-10,5,6,1,104,
148,What did I just eat?,It wasn't good. It wasn't food. It wasn't worth my time.,2022-05-14,2022-05-11,12,11,1,89,
149,Delicious!,I love this recipe,2022-03-26,2022-04-04,37,12,1,4,
150,Not for me,"Tried it, not my favorite",2022-04-11,2022-04-26,12,15,1,42,
151,Good cookin',My family loved this!,2022-05-25,2022-04-17,12,3,1,84,
152,Hot stuff,"Holy guacamole, this recipe is on fire!",2022-04-15,2022-04-07,25,14,1,178,
153,"LFG, bro!","GG, this meal is OP brah!",2022-04-01,2022-04-07,50,13,1,64,
154,Cleaning out my fridge,I can't believe how much food I used up by cooking this recipe. It saved me time and money.,2022-04-21,2022-05-03,23,1,1,166,
155,Thank goodness for good food,Couldn't be happier with how this recipe turned out,2022-05-23,2022-04-26,6,6,1,75,
156,Can't stand it,What was that that I just ate?!?!?!?!,2022-05-18,2022-04-04,50,2,1,70,
157,Join my Discord for crypto recipes,My Telegram spam bot wants to chat with you,2022-04-02,2022-05-28,28,1,1,127,
158,Hungry for more,What a recipe; I need more like this!,2022-06-05,2022-04-21,7,15,1,34,
159,Where did the time go?,I spent all day cooking up this recipe and others. The time went by fast! I'm thoroughly pleased with the recipes on this site.,2022-06-26,2022-03-30,10,1,1,29,
160,I can't find my rice,Have you seen it?,2022-05-06,2022-05-04,31,4,1,1,
161,"Gibs me mo, bro","I wub dis yummeez, uwu",2022-04-23,2022-05-01,2,11,1,110,
162,Just like momma used to make,Nothing like soul food for your soul.,2022-06-09,2022-06-19,51,5,1,126,
163,Can't beats the eats!,"Best meal in ages, need to keep this around.",2022-04-22,2022-04-14,39,7,1,173,
164,Meh.,"Not good, not bad. S'okay? S'aright.",2022-05-04,2022-06-06,37,15,1,16,
165,How does this cost so much?,I can't afford these ingredients. The price of inflation is too darn high!,2022-06-12,2022-06-14,45,2,1,70,
166,Hmm…,"Not sure if this is good food, or my tastebuds are broken.",2022-05-22,2022-05-24,5,14,1,20,
167,42,"The meaning of Life, the Universe, and Everything…. Or Jackie Robinson. Both are good, neither are food.",2022-06-22,2022-04-11,16,16,1,195,
168,Tres Manifique!!,Je t'aime this meal. Allons y!!!!!,2022-04-29,2022-04-29,46,14,1,186,
169,My momma used to say…,Life is like a box of chocolates. And they are a great dessert after some delicious shrimp dinner!,2022-06-11,2022-04-12,1,13,1,81,
170,Tryin' to cut…,"So I can't cook this meal; I only eat chicken, rice, and broccoli.",2022-04-15,2022-06-13,27,4,1,129,
171,Breaking in my new frying pan,I love cooking this meal! Getting good use out of my kitchen!,2022-06-02,2022-04-26,8,14,1,33,
172,What did I just eat?,It wasn't good. It wasn't food. It wasn't worth my time.,2022-05-28,2022-04-27,23,15,1,136,
173,Delicious!,I love this recipe,2022-03-25,2022-06-02,2,1,1,153,
174,Not for me,"Tried it, not my favorite",2022-06-13,2022-05-28,51,11,1,123,
175,Good cookin',My family loved this!,2022-04-07,2022-05-02,40,6,1,194,
176,Hot stuff,"Holy guacamole, this recipe is on fire!",2022-05-26,2022-04-07,15,16,1,173,
177,"LFG, bro!","GG, this meal is OP brah!",2022-06-29,2022-05-04,36,17,1,85,
178,Cleaning out my fridge,I can't believe how much food I used up by cooking this recipe. It saved me time and money.,2022-03-23,2022-05-06,6,7,1,111,
179,Thank goodness for good food,Couldn't be happier with how this recipe turned out,2022-06-17,2022-04-29,10,14,1,134,
180,Can't stand it,What was that that I just ate?!?!?!?!,2022-05-26,2022-06-23,8,1,1,62,
181,Join my Discord for crypto recipes,My Telegram spam bot wants to chat with you,2022-04-08,2022-05-04,37,5,1,21,
182,Hungry for more,What a recipe; I need more like this!,2022-04-06,2022-05-23,45,4,1,40,
183,Where did the time go?,I spent all day cooking up this recipe and others. The time went by fast! I'm thoroughly pleased with the recipes on this site.,2022-06-10,2022-06-14,45,12,1,107,
184,I can't find my rice,Have you seen it?,2022-06-04,2022-04-13,29,11,1,30,
185,"Gibs me mo, bro","I wub dis yummeez, uwu",2022-05-06,2022-05-29,42,12,1,52,
186,Just like momma used to make,Nothing like soul food for your soul.,2022-06-04,2022-05-25,31,2,1,195,
187,Can't beats the eats!,"Best meal in ages, need to keep this around.",2022-05-03,2022-06-07,50,4,1,173,
188,Meh.,"Not good, not bad. S'okay? S'aright.",2022-05-20,2022-03-30,30,10,1,174,
189,How does this cost so much?,I can't afford these ingredients. The price of inflation is too darn high!,2022-06-09,2022-03-22,13,15,1,6,
190,Hmm…,"Not sure if this is good food, or my tastebuds are broken.",2022-06-16,2022-06-20,13,3,1,113,
191,42,"The meaning of Life, the Universe, and Everything…. Or Jackie Robinson. Both are good, neither are food.",2022-05-07,2022-05-30,4,9,1,11,
192,Tres Manifique!!,Je t'aime this meal. Allons y!!!!!,2022-06-26,2022-03-26,20,6,1,200,
193,My momma used to say…,Life is like a box of chocolates. And they are a great dessert after some delicious shrimp dinner!,2022-06-17,2022-04-29,37,9,1,58,
194,Tryin' to cut…,"So I can't cook this meal; I only eat chicken, rice, and broccoli.",2022-04-17,2022-06-05,43,9,1,199,
195,Breaking in my new frying pan,I love cooking this meal! Getting good use out of my kitchen!,2022-05-08,2022-06-22,22,8,1,126,
196,What did I just eat?,It wasn't good. It wasn't food. It wasn't worth my time.,2022-04-08,2022-04-10,21,17,1,75,
197,Delicious!,I love this recipe,2022-05-22,2022-06-13,36,6,1,178,
198,Not for me,"Tried it, not my favorite",2022-06-25,2022-06-07,40,9,1,150,
199,Good cookin',My family loved this!,2022-05-15,2022-03-28,19,15,1,119,
200,Hot stuff,"Holy guacamole, this recipe is on fire!",2022-05-03,2022-05-20,9,17,1,48,
201,"LFG, bro!","GG, this meal is OP brah!",2022-04-09,2022-04-08,25,16,1,44,
202,Cleaning out my fridge,I can't believe how much food I used up by cooking this recipe. It saved me time and money.,2022-05-30,2022-06-04,23,17,1,61,
203,Thank goodness for good food,Couldn't be happier with how this recipe turned out,2022-06-06,2022-04-15,7,3,1,199,
204,Can't stand it,What was that that I just ate?!?!?!?!,2022-04-12,2022-04-18,25,12,1,8,
205,Join my Discord for crypto recipes,My Telegram spam bot wants to chat with you,2022-04-10,2022-04-06,48,3,1,105,
206,Hungry for more,What a recipe; I need more like this!,2022-04-14,2022-04-21,41,14,1,100,
207,Where did the time go?,I spent all day cooking up this recipe and others. The time went by fast! I'm thoroughly pleased with the recipes on this site.,2022-03-30,2022-06-09,38,4,1,77,
208,I can't find my rice,Have you seen it?,2022-04-14,2022-05-25,16,13,1,30,
209,"Gibs me mo, bro","I wub dis yummeez, uwu",2022-06-27,2022-05-21,33,15,1,59,
210,Just like momma used to make,Nothing like soul food for your soul.,2022-04-06,2022-04-26,22,10,1,113,
211,Can't beats the eats!,"Best meal in ages, need to keep this around.",2022-03-28,2022-06-05,30,16,1,138,
212,Meh.,"Not good, not bad. S'okay? S'aright.",2022-04-27,2022-04-01,44,12,1,132,
213,How does this cost so much?,I can't afford these ingredients. The price of inflation is too darn high!,2022-03-26,2022-03-31,11,14,1,52,
214,Hmm…,"Not sure if this is good food, or my tastebuds are broken.",2022-04-03,2022-04-22,48,11,1,64,
215,42,"The meaning of Life, the Universe, and Everything…. Or Jackie Robinson. Both are good, neither are food.",2022-04-28,2022-06-17,29,2,1,76,
216,Tres Manifique!!,Je t'aime this meal. Allons y!!!!!,2022-05-25,2022-06-27,46,15,1,181,
217,y momma used to say…,Life is like a box of chocolates. And they are a great dessert after some delicious shrimp dinner!,2022-03-28,2022-05-01,35,2,1,52,
218,Tryin' to cut…,"So I can't cook this meal; I only eat chicken, rice, and broccoli.",2022-04-15,2022-06-03,26,6,1,95,
219,Breaking in my new frying pan,I love cooking this meal! Getting good use out of my kitchen!,2022-04-03,2022-04-19,30,10,1,157,
220,What did I just eat?,It wasn't good. It wasn't food. It wasn't worth my time.,2022-04-06,2022-05-08,21,13,1,38,