1,795,1/8,kg,Pureed
1,1172,1/2,Tsp,Grilled
1,1877,1/4,g,Boiled
1,2833,3/4,Cup,Chopped
1,3480,1/4,Tbsp,Sliced
1,3844,3/8,Tbsp,Pureed
1,4670,3/8,Tsp,Grilled
1,5953,1/8,kg,Pureed
1,6503,3,Tsp,Blanched
1,7549,1/2,kg,Chopped
1,7838,2,Tbsp,Carmelized
1,8140,2,kg,Boiled
1,8339,3/8,Tsp,Grilled
2,457,1,Cup,Carmelized
2,667,2,Cup,Creamed
2,1523,5,Tsp,Creamed
2,1600,2,Cup,Creamed
2,2081,4,Cup,Sliced
2,2242,1/16,kg,Blanched
2,2452,5/8,Tbsp,Broiled
2,2812,1/4,Tsp,Broiled
2,2884,3/4,g,Shredded
2,4644,1/4,g,Boiled
2,5974,5/8,g,Baked
2,7226,5,g,Pureed
3,527,3,g,Carmelized
3,1152,5,kg,Carmelized
3,1778,4,kg,Chopped
3,3057,1,kg,Broiled
3,3572,1/16,Tsp,Melted
3,3875,4,Tsp,Baked
3,4990,3/8,kg,Shredded
3,6624,1,kg,Creamed
3,7873,3/8,kg,Shredded
3,8333,1/16,Cup,Baked
3,8578,4,kg,Blanched
4,7,1/2,kg,Broiled
4,290,1/4,Tbsp,Whipped
4,709,4,kg,Chopped
4,1486,1/2,g,Whipped
4,1491,3/4,g,Shredded
4,1500,2,kg,Melted
4,2597,3,g,Carmelized
4,3234,4,Cup,Sliced
4,3244,4,g,Creamed
4,5140,5,g,Melted
4,5668,3/8,Tsp,Grilled
4,6824,5/8,Cup,Pureed
5,1469,1/4,g,Boiled
5,1730,3/4,Tsp,Broiled
5,2180,5,Tbsp,Whipped
5,4369,3/4,Tsp,Broiled
5,4605,1/2,Cup,Sliced
5,5187,1/2,Tsp,Carmelized
5,8533,1/2,kg,Chopped
6,765,4,Cup,Sliced
6,1124,1/4,Cup,Shredded
6,1157,1/16,Tsp,Melted
6,1957,5/8,g,Grilled
6,3980,3/4,Tsp,Creamed
6,5284,1/16,Tsp,Pureed
6,5535,5,Cup,Chopped
6,6288,3,Tsp,Chopped
6,6362,1/8,Tsp,Whipped
6,6672,1/8,g,Melted
6,6683,1/2,Tsp,Boiled
6,7509,3,kg,Baked
7,117,1/2,Tsp,Boiled
7,322,1/8,g,Melted
7,1224,1,kg,Creamed
7,1476,1,Tsp,Melted
7,1613,1/16,g,Whipped
7,1964,3/4,kg,Carmelized
7,2737,3/4,g,Boiled
7,3145,1,g,Sliced
7,3236,1/4,Tbsp,Sliced
7,4113,1/4,kg,Grilled
7,4246,1,Tsp,Melted
7,6443,3/4,Tsp,Creamed
7,6736,2,Tsp,Baked
7,7940,3/4,g,Shredded
7,8123,5/8,Tbsp,Broiled
8,850,3,Tbsp,Creamed
8,1032,1/16,Tsp,Pureed
8,2355,1/8,Cup,Blanched
8,3141,4,Tsp,Carmelized
8,4132,5,kg,Carmelized
8,4210,3,kg,Sliced
8,6171,5,Tbsp,Whipped
8,6213,1/4,g,Pureed
8,8024,2,Tsp,Baked
8,8154,5,Cup,Chopped
8,8589,3/4,Tsp,Broiled
9,121,3/4,Tbsp,Grilled
9,2110,1/8,g,Melted
9,2453,1/16,Tsp,Pureed
9,4721,3,g,Carmelized
9,5081,4,Tbsp,Melted
9,5089,1,Cup,Grilled
9,5108,1/4,g,Pureed
9,5248,4,kg,Chopped
9,5799,1,Cup,Carmelized
9,5971,4,kg,Blanched
9,6338,2,kg,Boiled
9,6860,5,g,Pureed
9,7029,3,Cup,Boiled
9,7607,5/8,Tbsp,Blanched
10,434,3,Cup,Melted
10,850,4,Tsp,Carmelized
10,1167,1/8,Tbsp,Baked
10,2672,4,kg,Chopped
10,5744,1/16,Tbsp,Shredded
10,7471,3/8,Tbsp,Boiled
10,7481,4,Tsp,Baked
11,1314,3/4,Cup,Chopped
11,1520,1/16,Tbsp,Shredded
11,2543,5/8,g,Baked
11,3273,1/16,kg,Blanched
11,3311,1/8,g,Shredded
11,3430,4,Tsp,Carmelized
11,4167,5/8,Tbsp,Broiled
11,5837,5,g,Melted
11,6805,5,Cup,Chopped
11,6880,1/8,Tsp,Whipped
11,7222,5/8,Tbsp,Broiled
11,7757,4,Tsp,Baked
11,7804,3/4,Tsp,Creamed
11,8181,3/4,Cup,Chopped
12,68,1/4,Tbsp,Sliced
12,1675,3,kg,Sliced
12,3686,1/2,Tbsp,Shredded
12,5115,5,g,Melted
12,7435,5,Tbsp,Baked
12,8006,1/4,Tbsp,Whipped
13,4032,1/2,kg,Chopped
13,4376,3,kg,Baked
13,6321,5,Tsp,Blanched
13,7047,3/4,kg,Carmelized
13,7151,5,Cup,Chopped
13,8581,3,Cup,Melted
14,323,3/8,Tbsp,Boiled
14,1970,3/4,g,Boiled
14,2361,3/4,g,Shredded
14,2442,3/4,Tsp,Broiled
14,3463,1/2,kg,Broiled
14,3578,5,kg,Carmelized
14,3601,1/2,Tsp,Carmelized
14,3670,3,kg,Sliced
14,3990,1/16,Tbsp,Shredded
14,4016,1/8,Tbsp,Baked
14,6770,1/4,kg,Grilled
14,6820,1/8,Cup,Blanched
14,6955,1/16,Tsp,Melted
15,1290,3/8,Cup,Whipped
15,1673,4,kg,Blanched
15,1872,4,Tsp,Pureed
15,2801,1,kg,Creamed
15,2908,4,Tsp,Pureed
15,3116,1/8,Tbsp,Grilled
15,3281,5/8,Tbsp,Blanched
15,3538,1/8,Tsp,Whipped
15,4056,1/8,Tbsp,Baked
15,4139,3,Cup,Melted
15,4887,3,Tbsp,Creamed
15,5849,3/8,g,Blanched
16,1954,3,Tsp,Blanched
16,2129,1/16,kg,Blanched
16,3738,3,kg,Sliced
16,4007,5,Tsp,Creamed
16,4908,2,kg,Boiled
16,5415,1/2,g,Whipped
16,5761,5,Tbsp,Whipped
16,5873,2,kg,Melted
16,7572,1/2,g,Whipped
17,286,3/4,Tbsp,Grilled
17,1140,2,Cup,Creamed
17,2286,4,Tsp,Carmelized
17,2766,1/2,g,Whipped
17,3062,1/4,Tbsp,Whipped
17,3315,1,g,Sliced
17,3507,1/16,kg,Creamed
17,5953,5/8,g,Baked
17,5998,1,Tsp,Melted
17,6103,5/8,Tsp,Shredded
17,8484,1/4,Cup,Shredded
18,1598,1,kg,Broiled
18,1907,4,Tbsp,Melted
18,2359,3,Tsp,Blanched
18,2512,3,Tbsp,Creamed
18,4067,3/4,Cup,Chopped
18,5522,2,Tsp,Baked
18,5654,5,g,Pureed
18,7825,3,g,Carmelized
18,7842,5,g,Melted
18,8226,2,g,Chopped
18,8416,1,Cup,Carmelized
19,2217,5,Tsp,Blanched
19,3401,3/8,Tbsp,Boiled
19,3512,3/4,Tbsp,Sliced
19,3866,2,Cup,Broiled
19,4082,1/16,g,Whipped
19,4973,1/16,Tbsp,Shredded
19,5202,3,Tbsp,Creamed
19,5846,2,g,Chopped
20,640,1,Cup,Grilled
20,1709,3/8,Cup,Whipped
20,1769,5/8,g,Baked
20,2817,1,Tsp,Boiled
20,3919,5/8,Cup,Pureed
20,3953,2,kg,Melted
20,4117,3/8,Tsp,Grilled
20,4856,3/4,g,Boiled
20,5920,5,Tsp,Creamed
20,6227,1,Tbsp,Chopped
20,6436,3/8,Tbsp,Boiled
20,7385,5/8,g,Grilled
20,7998,1/16,Tsp,Pureed
20,8605,3/4,g,Boiled
21,788,2,Tsp,Sliced
21,2365,1/2,Cup,Sliced
21,2774,1,Tsp,Boiled
21,3049,5,Tsp,Blanched
21,4092,1/8,g,Shredded
21,4261,1,Tbsp,Chopped
21,5131,1/8,g,Melted
21,5444,1,Tbsp,Chopped
21,5537,1/2,Tbsp,Shredded
21,5849,4,g,Creamed
21,6196,1/2,Tbsp,Shredded
21,6501,5/8,g,Grilled
21,6967,3/8,g,Blanched
21,7784,5/8,Tsp,Shredded
22,319,1/16,g,Whipped
22,1022,3/8,Tbsp,Pureed
22,1038,3/8,Tbsp,Pureed
22,1226,2,kg,Boiled
22,2053,3/4,Tsp,Broiled
22,4166,2,Cup,Broiled
22,4959,5/8,Cup,Pureed
22,5603,3/4,Tbsp,Sliced
22,8560,3/8,g,Broiled
23,86,1/8,g,Shredded
23,963,1/8,g,Shredded
23,1596,1/2,Tsp,Carmelized
23,2788,4,kg,Blanched
23,3375,1/2,kg,Broiled
23,3783,5,Tbsp,Baked
23,4634,3/4,Tbsp,Sliced
23,5522,1,kg,Creamed
23,5997,3,Tsp,Blanched
23,6437,3,Cup,Melted
23,7521,5,Tsp,Creamed
23,8407,3,Cup,Boiled
23,8539,4,Cup,Sliced
24,514,1/2,Tsp,Boiled
24,567,1,kg,Broiled
24,1171,4,Tbsp,Melted
24,1547,2,g,Chopped
24,1813,4,Tsp,Pureed
24,2073,1/16,kg,Creamed
24,3013,3/8,Tbsp,Boiled
24,3439,1,Tsp,Melted
24,5521,1/8,g,Shredded
24,5936,5/8,kg,Whipped
24,7269,3/8,g,Broiled
25,266,5/8,Cup,Pureed
25,312,3/8,kg,Shredded
25,967,5,Tsp,Creamed
25,1068,5,g,Pureed
25,2099,2,Tsp,Sliced
25,5050,1/2,kg,Broiled
25,6269,5,Tbsp,Baked
25,6629,1/4,Tbsp,Sliced
25,6867,1/8,Tbsp,Grilled
25,7074,3/4,g,Shredded
26,51,1/4,Cup,Shredded
26,322,5,Tbsp,Whipped
26,3095,3/8,g,Broiled
26,6065,2,Cup,Creamed
26,6273,1,g,Sliced
26,6876,1/8,Tbsp,Baked
26,7689,5/8,g,Grilled
27,545,2,Cup,Broiled
27,2178,1/8,kg,Pureed
27,2681,1/4,Tsp,Broiled
27,2760,1/16,Cup,Baked
27,4683,3/8,Tsp,Grilled
27,6593,3/8,Cup,Whipped
27,6896,3/4,Cup,Chopped
28,1971,1/8,Cup,Blanched
28,2568,3,Cup,Melted
28,4488,3/8,Cup,Whipped
28,5405,3/8,kg,Shredded
28,6525,3,g,Carmelized
29,205,2,g,Chopped
29,1569,3/8,Tbsp,Pureed
29,2955,3/4,Tbsp,Sliced
29,3575,1/4,g,Pureed
29,5381,1/4,Tbsp,Sliced
29,5547,1/4,Tbsp,Whipped
29,6309,3,Cup,Boiled
29,6767,3,kg,Sliced
30,535,1/4,Tsp,Broiled
30,3090,1,Tsp,Boiled
30,3616,3/8,g,Blanched
30,3788,2,Tbsp,Carmelized
30,5236,1/8,Tsp,Whipped
30,6339,2,Tbsp,Carmelized
30,6920,1/4,Cup,Shredded
30,7188,1/2,Cup,Sliced
30,7209,1/16,kg,Creamed
31,1979,1,Cup,Grilled
31,2493,1/2,kg,Broiled
31,2745,1,g,Sliced
31,3889,5/8,g,Grilled
31,4044,1/2,Cup,Sliced
31,4197,1/4,g,Boiled
31,4942,1/2,Tbsp,Shredded
31,5187,5/8,Tbsp,Blanched
31,5285,1/8,Tsp,Whipped
31,5384,1/16,Tsp,Melted
31,5424,5,Tbsp,Whipped
31,6129,1,kg,Broiled
31,6919,1/2,Tsp,Boiled
31,8308,2,Tsp,Baked
32,1210,1,Cup,Carmelized
32,1631,4,Tbsp,Melted
32,1850,2,Tsp,Sliced
32,2034,1/8,Tbsp,Grilled
32,2619,1/4,g,Boiled
32,2655,1/16,Tsp,Pureed
32,3111,2,kg,Boiled
32,3814,5/8,kg,Whipped
32,4189,1/8,kg,Pureed
32,7895,1/16,g,Whipped
32,8020,3/4,kg,Carmelized
33,880,3/4,kg,Carmelized
33,1023,1/8,Cup,Blanched
33,1585,5/8,Cup,Pureed
33,1592,1,kg,Broiled
33,2545,4,Cup,Sliced
33,2726,3,kg,Baked
33,2948,5/8,Tbsp,Blanched
33,3408,5,kg,Carmelized
33,4840,4,Tsp,Carmelized
33,4999,2,kg,Melted
33,5809,3,kg,Baked
33,6886,1/16,Cup,Baked
33,7026,2,Tbsp,Carmelized
33,8429,5/8,kg,Whipped
34,610,4,Tsp,Baked
34,690,1/2,kg,Chopped
34,1311,1/8,Tbsp,Grilled
34,7057,3/8,Tbsp,Pureed
34,7196,3/4,Tbsp,Grilled
34,8397,3/4,Tbsp,Grilled
35,1916,5,Tbsp,Baked
35,2515,4,Tsp,Pureed
35,3905,4,g,Creamed
35,6047,3/4,kg,Carmelized
35,6295,1/4,kg,Grilled
35,6711,1,Tbsp,Chopped
35,7458,1/2,Tsp,Grilled
35,7885,3,Tbsp,Creamed
36,400,5/8,g,Baked
36,1887,1/16,kg,Blanched
36,2413,3,Tsp,Blanched
36,2747,5/8,Tbsp,Broiled
36,2761,1/2,Tsp,Carmelized
36,2861,2,Tsp,Baked
36,4155,1,Tsp,Boiled
36,4534,2,Tsp,Sliced
36,4811,1/4,g,Pureed
36,7821,1/16,kg,Creamed
36,8618,1,Cup,Carmelized
37,894,1/2,Tsp,Carmelized
37,1576,3/8,g,Broiled
37,1985,3,Tsp,Chopped
37,2712,1/8,kg,Pureed
37,2887,3,Tsp,Chopped
37,3241,4,Tsp,Baked
37,4056,4,kg,Blanched
37,4322,1/2,Cup,Sliced
37,5128,1/2,Tsp,Grilled
37,5425,1/8,Cup,Blanched
37,5539,5,Tsp,Blanched
37,6124,1/16,kg,Blanched
37,6200,5/8,Tsp,Shredded
37,6568,5,g,Melted
37,6705,3,Tsp,Chopped
38,110,2,g,Chopped
38,251,1/4,g,Pureed
38,1051,3,kg,Baked
38,1170,2,Tsp,Sliced
38,3106,1/8,Tbsp,Baked
38,3924,5,Cup,Chopped
38,4683,5/8,Tsp,Shredded
38,7509,1,g,Sliced
39,2410,3,Cup,Boiled
39,3430,4,Tbsp,Melted
39,3765,4,g,Creamed
39,3967,1/2,g,Whipped
39,4504,1/16,Cup,Baked
39,4845,1/4,Cup,Shredded
39,5156,3/8,kg,Shredded
39,5200,3/4,g,Boiled
39,7671,3/8,g,Blanched
39,7736,1/4,Tsp,Broiled
39,8537,1,kg,Creamed
40,750,1,Tbsp,Chopped
40,913,5/8,Tsp,Shredded
40,3317,3,Cup,Boiled
40,3594,1/4,kg,Grilled
40,3828,1/2,Tsp,Grilled
40,4374,5/8,kg,Whipped
40,5015,5,Tsp,Blanched
40,5283,5/8,Tbsp,Blanched
40,6046,1/2,kg,Chopped
40,6734,3/4,Tsp,Creamed
40,8081,3/8,g,Blanched
40,8234,1/2,Tsp,Boiled
40,8454,1,Tsp,Boiled
41,165,3/8,g,Broiled
41,3019,1/4,Tsp,Broiled
41,3305,1/2,Tbsp,Shredded
41,3972,1,Tsp,Melted
41,3978,1/16,Tsp,Melted
41,4151,1/4,Tbsp,Whipped
41,4564,2,Cup,Creamed
41,6028,1/4,kg,Grilled
41,6873,1/16,kg,Creamed
41,7003,1/16,Cup,Baked
41,7713,4,kg,Chopped
41,8062,1/16,g,Whipped
41,8101,1,Cup,Grilled
42,723,3/8,Cup,Whipped
42,1545,1/8,g,Melted
42,3008,5,g,Pureed
42,3212,3,Tsp,Chopped
42,5232,2,Cup,Broiled
42,6673,3/4,Tsp,Creamed
42,8022,4,g,Creamed
42,8044,5/8,kg,Whipped
43,346,1/16,Tbsp,Shredded
43,2650,3/4,Tbsp,Sliced
43,3446,2,kg,Melted
43,4112,5,Tbsp,Baked
43,4293,3/4,Tbsp,Grilled
43,5400,2,Cup,Broiled
43,6037,4,Tsp,Pureed
43,6806,1/8,Tbsp,Grilled
43,7107,5,kg,Carmelized
43,7202,1/2,Tsp,Grilled
43,7665,2,Tbsp,Carmelized