6,43,2022-05-15,3,I made this.,\func NULL,1
1,5,2022-05-15,1,I made this.,\func NULL,1
1,7,2022-05-15,1,I made this.,\func NULL,1
1,19,2022-05-15,4,I made this.,\func NULL,1
1,24,2022-05-15,4,I made this.,\func NULL,1
1,26,2022-05-15,4,I made this.,\func NULL,1
1,30,2022-05-15,3,I made this.,\func NULL,1
1,33,2022-05-15,5,I made this.,\func NULL,1
1,37,2022-05-15,5,I made this.,\func NULL,1
2,8,2022-05-15,5,I made this.,\func NULL,1
2,14,2022-05-15,2,I made this.,\func NULL,1
2,26,2022-05-15,1,I made this.,\func NULL,1
2,38,2022-05-15,4,I made this.,\func NULL,1
2,40,2022-05-15,5,I made this.,\func NULL,1
3,3,2022-05-15,2,I made this.,\func NULL,1
3,5,2022-05-15,4,I made this.,\func NULL,1
3,11,2022-05-15,4,I made this.,\func NULL,1
3,15,2022-05-15,1,I made this.,\func NULL,1
3,20,2022-05-15,5,I made this.,\func NULL,1
3,21,2022-05-15,5,I made this.,\func NULL,1
3,41,2022-05-15,3,I made this.,\func NULL,1
4,1,2022-05-15,5,I made this.,\func NULL,1
4,10,2022-05-15,1,I made this.,\func NULL,1
4,12,2022-05-15,4,I made this.,\func NULL,1
4,22,2022-05-15,3,I made this.,\func NULL,1
4,25,2022-05-15,3,I made this.,\func NULL,1
4,34,2022-05-15,4,I made this.,\func NULL,1
4,37,2022-05-15,2,I made this.,\func NULL,1
4,39,2022-05-15,1,I made this.,\func NULL,1
4,41,2022-05-15,5,I made this.,\func NULL,1
4,42,2022-05-15,5,I made this.,\func NULL,1
4,43,2022-05-15,4,I made this.,\func NULL,1
5,1,2022-05-15,1,I made this.,\func NULL,1
5,4,2022-05-15,4,I made this.,\func NULL,1
5,11,2022-05-15,1,I made this.,\func NULL,1
5,23,2022-05-15,5,I made this.,\func NULL,1
5,27,2022-05-15,1,I made this.,\func NULL,1
5,29,2022-05-15,4,I made this.,\func NULL,1
5,31,2022-05-15,2,I made this.,\func NULL,1
5,42,2022-05-15,5,I made this.,\func NULL,1
6,12,2022-05-15,1,I made this.,\func NULL,1
6,13,2022-05-15,5,I made this.,\func NULL,1
6,25,2022-05-15,3,I made this.,\func NULL,1
6,33,2022-05-15,3,I made this.,\func NULL,1
6,35,2022-05-15,5,I made this.,\func NULL,1
6,36,2022-05-15,3,I made this.,\func NULL,1
6,41,2022-05-15,1,I made this.,\func NULL,1
7,2,2022-05-15,1,I made this.,\func NULL,1
7,4,2022-05-15,4,I made this.,\func NULL,1
7,5,2022-05-15,5,I made this.,\func NULL,1
7,14,2022-05-15,2,I made this.,\func NULL,1
7,26,2022-05-15,3,I made this.,\func NULL,1
7,28,2022-05-15,3,I made this.,\func NULL,1
7,31,2022-05-15,4,I made this.,\func NULL,1
7,33,2022-05-15,3,I made this.,\func NULL,1
7,38,2022-05-15,2,I made this.,\func NULL,1
8,3,2022-05-15,3,I made this.,\func NULL,1
8,6,2022-05-15,1,I made this.,\func NULL,1
8,12,2022-05-15,3,I made this.,\func NULL,1
8,19,2022-05-15,3,I made this.,\func NULL,1
8,25,2022-05-15,3,I made this.,\func NULL,1
8,37,2022-05-15,5,I made this.,\func NULL,1
9,6,2022-05-15,1,I made this.,\func NULL,1
9,8,2022-05-15,1,I made this.,\func NULL,1
9,9,2022-05-15,3,I made this.,\func NULL,1
9,21,2022-05-15,5,I made this.,\func NULL,1
9,29,2022-05-15,2,I made this.,\func NULL,1
9,40,2022-05-15,3,I made this.,\func NULL,1
10,7,2022-05-15,2,I made this.,\func NULL,1
10,13,2022-05-15,1,I made this.,\func NULL,1
10,15,2022-05-15,1,I made this.,\func NULL,1
10,19,2022-05-15,3,I made this.,\func NULL,1
10,27,2022-05-15,2,I made this.,\func NULL,1
10,33,2022-05-15,1,I made this.,\func NULL,1
11,4,2022-05-15,1,I made this.,\func NULL,1
11,7,2022-05-15,3,I made this.,\func NULL,1
11,15,2022-05-15,5,I made this.,\func NULL,1
11,16,2022-05-15,2,I made this.,\func NULL,1
11,22,2022-05-15,5,I made this.,\func NULL,1
11,24,2022-05-15,2,I made this.,\func NULL,1
11,27,2022-05-15,2,I made this.,\func NULL,1
11,29,2022-05-15,1,I made this.,\func NULL,1
11,30,2022-05-15,3,I made this.,\func NULL,1
11,36,2022-05-15,3,I made this.,\func NULL,1
11,42,2022-05-15,2,I made this.,\func NULL,1
12,6,2022-05-15,1,I made this.,\func NULL,1
12,14,2022-05-15,1,I made this.,\func NULL,1
12,16,2022-05-15,3,I made this.,\func NULL,1
12,20,2022-05-15,2,I made this.,\func NULL,1
12,22,2022-05-15,3,I made this.,\func NULL,1
12,32,2022-05-15,3,I made this.,\func NULL,1
12,35,2022-05-15,1,I made this.,\func NULL,1
12,37,2022-05-15,1,I made this.,\func NULL,1
13,13,2022-05-15,1,I made this.,\func NULL,1
13,14,2022-05-15,2,I made this.,\func NULL,1
13,15,2022-05-15,4,I made this.,\func NULL,1
13,37,2022-05-15,5,I made this.,\func NULL,1
13,38,2022-05-15,4,I made this.,\func NULL,1
13,40,2022-05-15,5,I made this.,\func NULL,1
14,7,2022-05-15,2,I made this.,\func NULL,1
14,16,2022-05-15,5,I made this.,\func NULL,1
14,23,2022-05-15,2,I made this.,\func NULL,1
14,25,2022-05-15,4,I made this.,\func NULL,1
14,26,2022-05-15,3,I made this.,\func NULL,1
14,28,2022-05-15,5,I made this.,\func NULL,1
15,8,2022-05-15,2,I made this.,\func NULL,1
15,13,2022-05-15,5,I made this.,\func NULL,1
15,19,2022-05-15,1,I made this.,\func NULL,1
15,24,2022-05-15,2,I made this.,\func NULL,1
15,31,2022-05-15,2,I made this.,\func NULL,1
15,36,2022-05-15,3,I made this.,\func NULL,1
15,37,2022-05-15,1,I made this.,\func NULL,1
15,40,2022-05-15,5,I made this.,\func NULL,1
15,41,2022-05-15,5,I made this.,\func NULL,1
16,5,2022-05-15,4,I made this.,\func NULL,1
16,8,2022-05-15,1,I made this.,\func NULL,1
16,9,2022-05-15,3,I made this.,\func NULL,1
16,13,2022-05-15,5,I made this.,\func NULL,1
16,24,2022-05-15,3,I made this.,\func NULL,1
16,28,2022-05-15,2,I made this.,\func NULL,1
16,32,2022-05-15,1,I made this.,\func NULL,1
16,35,2022-05-15,3,I made this.,\func NULL,1
16,39,2022-05-15,5,I made this.,\func NULL,1
17,2,2022-05-15,3,I made this.,\func NULL,1
17,4,2022-05-15,4,I made this.,\func NULL,1
17,5,2022-05-15,3,I made this.,\func NULL,1
17,6,2022-05-15,5,I made this.,\func NULL,1
17,10,2022-05-15,5,I made this.,\func NULL,1
17,12,2022-05-15,5,I made this.,\func NULL,1
17,17,2022-05-15,1,I made this.,\func NULL,1
17,20,2022-05-15,5,I made this.,\func NULL,1
17,23,2022-05-15,3,I made this.,\func NULL,1
17,24,2022-05-15,5,I made this.,\func NULL,1
17,27,2022-05-15,4,I made this.,\func NULL,1
17,37,2022-05-15,4,I made this.,\func NULL,1
17,40,2022-05-15,2,I made this.,\func NULL,1
17,41,2022-05-15,5,I made this.,\func NULL,1
18,1,2022-05-15,5,I made this.,\func NULL,1
18,5,2022-05-15,5,I made this.,\func NULL,1
18,8,2022-05-15,2,I made this.,\func NULL,1
18,14,2022-05-15,4,I made this.,\func NULL,1
18,16,2022-05-15,4,I made this.,\func NULL,1
18,17,2022-05-15,4,I made this.,\func NULL,1
18,19,2022-05-15,2,I made this.,\func NULL,1
18,30,2022-05-15,5,I made this.,\func NULL,1
18,36,2022-05-15,1,I made this.,\func NULL,1
18,38,2022-05-15,3,I made this.,\func NULL,1
18,40,2022-05-15,5,I made this.,\func NULL,1
19,1,2022-05-15,2,I made this.,\func NULL,1
19,16,2022-05-15,5,I made this.,\func NULL,1
19,20,2022-05-15,5,I made this.,\func NULL,1
19,30,2022-05-15,3,I made this.,\func NULL,1
19,33,2022-05-15,1,I made this.,\func NULL,1
19,34,2022-05-15,3,I made this.,\func NULL,1
19,35,2022-05-15,1,I made this.,\func NULL,1
19,36,2022-05-15,1,I made this.,\func NULL,1
19,42,2022-05-15,4,I made this.,\func NULL,1
20,1,2022-05-15,1,I made this.,\func NULL,1
20,7,2022-05-15,5,I made this.,\func NULL,1
20,13,2022-05-15,2,I made this.,\func NULL,1
20,19,2022-05-15,2,I made this.,\func NULL,1
20,26,2022-05-15,5,I made this.,\func NULL,1
20,35,2022-05-15,3,I made this.,\func NULL,1
21,2,2022-05-15,1,I made this.,\func NULL,1
21,32,2022-05-15,5,I made this.,\func NULL,1
21,34,2022-05-15,3,I made this.,\func NULL,1
22,5,2022-05-15,4,I made this.,\func NULL,1
22,10,2022-05-15,2,I made this.,\func NULL,1
22,14,2022-05-15,4,I made this.,\func NULL,1
22,38,2022-05-15,2,I made this.,\func NULL,1
22,41,2022-05-15,5,I made this.,\func NULL,1
22,43,2022-05-15,1,I made this.,\func NULL,1
23,1,2022-05-15,4,I made this.,\func NULL,1
23,4,2022-05-15,1,I made this.,\func NULL,1
23,7,2022-05-15,5,I made this.,\func NULL,1
23,8,2022-05-15,5,I made this.,\func NULL,1
23,11,2022-05-15,3,I made this.,\func NULL,1
23,12,2022-05-15,4,I made this.,\func NULL,1
23,26,2022-05-15,2,I made this.,\func NULL,1
23,27,2022-05-15,1,I made this.,\func NULL,1
23,29,2022-05-15,1,I made this.,\func NULL,1
23,30,2022-05-15,5,I made this.,\func NULL,1
23,31,2022-05-15,2,I made this.,\func NULL,1
23,36,2022-05-15,1,I made this.,\func NULL,1
23,41,2022-05-15,5,I made this.,\func NULL,1
24,5,2022-05-15,1,I made this.,\func NULL,1
24,7,2022-05-15,2,I made this.,\func NULL,1
24,11,2022-05-15,2,I made this.,\func NULL,1
24,16,2022-05-15,3,I made this.,\func NULL,1
24,21,2022-05-15,2,I made this.,\func NULL,1
24,24,2022-05-15,5,I made this.,\func NULL,1
24,25,2022-05-15,5,I made this.,\func NULL,1
24,36,2022-05-15,2,I made this.,\func NULL,1
24,39,2022-05-15,2,I made this.,\func NULL,1
24,42,2022-05-15,3,I made this.,\func NULL,1
24,43,2022-05-15,5,I made this.,\func NULL,1
25,3,2022-05-15,3,I made this.,\func NULL,1
25,11,2022-05-15,1,I made this.,\func NULL,1
25,21,2022-05-15,5,I made this.,\func NULL,1
25,29,2022-05-15,3,I made this.,\func NULL,1
25,30,2022-05-15,1,I made this.,\func NULL,1
25,33,2022-05-15,4,I made this.,\func NULL,1
25,34,2022-05-15,4,I made this.,\func NULL,1
26,2,2022-05-15,2,I made this.,\func NULL,1
26,5,2022-05-15,5,I made this.,\func NULL,1
26,10,2022-05-15,2,I made this.,\func NULL,1
26,11,2022-05-15,4,I made this.,\func NULL,1
26,16,2022-05-15,2,I made this.,\func NULL,1
26,18,2022-05-15,3,I made this.,\func NULL,1
26,23,2022-05-15,5,I made this.,\func NULL,1
26,28,2022-05-15,4,I made this.,\func NULL,1
26,31,2022-05-15,3,I made this.,\func NULL,1
26,38,2022-05-15,3,I made this.,\func NULL,1
26,41,2022-05-15,4,I made this.,\func NULL,1
27,3,2022-05-15,1,I made this.,\func NULL,1
27,4,2022-05-15,1,I made this.,\func NULL,1
27,7,2022-05-15,1,I made this.,\func NULL,1
27,14,2022-05-15,2,I made this.,\func NULL,1
27,22,2022-05-15,3,I made this.,\func NULL,1
27,34,2022-05-15,3,I made this.,\func NULL,1
27,39,2022-05-15,5,I made this.,\func NULL,1
27,41,2022-05-15,2,I made this.,\func NULL,1
27,42,2022-05-15,4,I made this.,\func NULL,1
28,7,2022-05-15,4,I made this.,\func NULL,1
28,9,2022-05-15,4,I made this.,\func NULL,1
28,32,2022-05-15,3,I made this.,\func NULL,1
28,36,2022-05-15,3,I made this.,\func NULL,1
28,42,2022-05-15,5,I made this.,\func NULL,1
28,43,2022-05-15,2,I made this.,\func NULL,1
29,2,2022-05-15,3,I made this.,\func NULL,1
29,6,2022-05-15,3,I made this.,\func NULL,1
29,16,2022-05-15,3,I made this.,\func NULL,1
29,18,2022-05-15,1,I made this.,\func NULL,1
29,20,2022-05-15,2,I made this.,\func NULL,1
29,28,2022-05-15,3,I made this.,\func NULL,1
29,32,2022-05-15,1,I made this.,\func NULL,1
29,42,2022-05-15,1,I made this.,\func NULL,1
30,1,2022-05-15,2,I made this.,\func NULL,1
30,4,2022-05-15,1,I made this.,\func NULL,1
30,11,2022-05-15,5,I made this.,\func NULL,1
30,12,2022-05-15,4,I made this.,\func NULL,1
30,18,2022-05-15,1,I made this.,\func NULL,1
30,20,2022-05-15,4,I made this.,\func NULL,1
30,21,2022-05-15,1,I made this.,\func NULL,1
30,22,2022-05-15,3,I made this.,\func NULL,1
30,30,2022-05-15,5,I made this.,\func NULL,1
30,31,2022-05-15,5,I made this.,\func NULL,1
30,38,2022-05-15,1,I made this.,\func NULL,1
31,3,2022-05-15,2,I made this.,\func NULL,1
31,7,2022-05-15,1,I made this.,\func NULL,1
31,9,2022-05-15,4,I made this.,\func NULL,1
31,10,2022-05-15,3,I made this.,\func NULL,1
31,12,2022-05-15,1,I made this.,\func NULL,1
31,23,2022-05-15,1,I made this.,\func NULL,1
31,24,2022-05-15,5,I made this.,\func NULL,1
31,34,2022-05-15,4,I made this.,\func NULL,1
32,4,2022-05-15,3,I made this.,\func NULL,1
32,6,2022-05-15,3,I made this.,\func NULL,1
32,8,2022-05-15,1,I made this.,\func NULL,1
32,17,2022-05-15,3,I made this.,\func NULL,1
32,22,2022-05-15,5,I made this.,\func NULL,1
32,26,2022-05-15,1,I made this.,\func NULL,1
32,28,2022-05-15,4,I made this.,\func NULL,1
32,33,2022-05-15,4,I made this.,\func NULL,1
32,37,2022-05-15,5,I made this.,\func NULL,1
32,41,2022-05-15,3,I made this.,\func NULL,1
33,24,2022-05-15,4,I made this.,\func NULL,1
33,35,2022-05-15,3,I made this.,\func NULL,1
33,38,2022-05-15,4,I made this.,\func NULL,1
34,1,2022-05-15,5,I made this.,\func NULL,1
34,3,2022-05-15,4,I made this.,\func NULL,1
34,4,2022-05-15,1,I made this.,\func NULL,1
34,7,2022-05-15,5,I made this.,\func NULL,1
34,11,2022-05-15,5,I made this.,\func NULL,1
34,15,2022-05-15,1,I made this.,\func NULL,1
34,26,2022-05-15,3,I made this.,\func NULL,1
34,29,2022-05-15,4,I made this.,\func NULL,1
34,40,2022-05-15,1,I made this.,\func NULL,1
34,41,2022-05-15,4,I made this.,\func NULL,1
35,8,2022-05-15,2,I made this.,\func NULL,1
35,15,2022-05-15,4,I made this.,\func NULL,1
35,17,2022-05-15,5,I made this.,\func NULL,1
35,20,2022-05-15,3,I made this.,\func NULL,1
35,23,2022-05-15,3,I made this.,\func NULL,1
35,26,2022-05-15,2,I made this.,\func NULL,1
35,28,2022-05-15,4,I made this.,\func NULL,1
35,30,2022-05-15,1,I made this.,\func NULL,1
35,32,2022-05-15,3,I made this.,\func NULL,1
35,42,2022-05-15,2,I made this.,\func NULL,1
36,2,2022-05-15,4,I made this.,\func NULL,1
36,6,2022-05-15,2,I made this.,\func NULL,1
36,8,2022-05-15,5,I made this.,\func NULL,1
36,10,2022-05-15,5,I made this.,\func NULL,1
36,11,2022-05-15,5,I made this.,\func NULL,1
36,18,2022-05-15,3,I made this.,\func NULL,1
36,23,2022-05-15,5,I made this.,\func NULL,1
36,36,2022-05-15,1,I made this.,\func NULL,1
36,37,2022-05-15,3,I made this.,\func NULL,1
37,2,2022-05-15,1,I made this.,\func NULL,1
37,3,2022-05-15,5,I made this.,\func NULL,1
37,6,2022-05-15,4,I made this.,\func NULL,1
37,7,2022-05-15,2,I made this.,\func NULL,1
37,15,2022-05-15,5,I made this.,\func NULL,1
37,17,2022-05-15,3,I made this.,\func NULL,1
37,20,2022-05-15,1,I made this.,\func NULL,1
37,23,2022-05-15,4,I made this.,\func NULL,1
37,27,2022-05-15,1,I made this.,\func NULL,1
37,37,2022-05-15,1,I made this.,\func NULL,1
37,38,2022-05-15,5,I made this.,\func NULL,1
37,42,2022-05-15,3,I made this.,\func NULL,1
38,1,2022-05-15,5,I made this.,\func NULL,1
38,8,2022-05-15,2,I made this.,\func NULL,1
38,9,2022-05-15,3,I made this.,\func NULL,1
38,11,2022-05-15,3,I made this.,\func NULL,1
38,15,2022-05-15,4,I made this.,\func NULL,1
38,16,2022-05-15,2,I made this.,\func NULL,1
38,20,2022-05-15,1,I made this.,\func NULL,1
38,31,2022-05-15,4,I made this.,\func NULL,1
38,34,2022-05-15,1,I made this.,\func NULL,1
39,2,2022-05-15,2,I made this.,\func NULL,1
39,6,2022-05-15,3,I made this.,\func NULL,1
39,7,2022-05-15,4,I made this.,\func NULL,1
39,22,2022-05-15,5,I made this.,\func NULL,1
39,23,2022-05-15,2,I made this.,\func NULL,1
39,24,2022-05-15,3,I made this.,\func NULL,1
39,26,2022-05-15,1,I made this.,\func NULL,1
39,41,2022-05-15,4,I made this.,\func NULL,1
40,2,2022-05-15,4,I made this.,\func NULL,1
40,3,2022-05-15,4,I made this.,\func NULL,1
40,6,2022-05-15,2,I made this.,\func NULL,1
40,7,2022-05-15,5,I made this.,\func NULL,1
40,10,2022-05-15,5,I made this.,\func NULL,1
40,17,2022-05-15,1,I made this.,\func NULL,1
40,20,2022-05-15,3,I made this.,\func NULL,1
40,26,2022-05-15,4,I made this.,\func NULL,1
40,32,2022-05-15,3,I made this.,\func NULL,1
40,41,2022-05-15,5,I made this.,\func NULL,1
40,43,2022-05-15,1,I made this.,\func NULL,1
41,5,2022-05-15,1,I made this.,\func NULL,1
41,10,2022-05-15,3,I made this.,\func NULL,1
41,12,2022-05-15,5,I made this.,\func NULL,1
41,17,2022-05-15,3,I made this.,\func NULL,1
41,19,2022-05-15,3,I made this.,\func NULL,1
41,24,2022-05-15,3,I made this.,\func NULL,1
41,36,2022-05-15,4,I made this.,\func NULL,1
41,42,2022-05-15,4,I made this.,\func NULL,1
42,4,2022-05-15,5,I made this.,\func NULL,1
42,13,2022-05-15,2,I made this.,\func NULL,1
42,15,2022-05-15,5,I made this.,\func NULL,1
42,19,2022-05-15,5,I made this.,\func NULL,1
42,20,2022-05-15,5,I made this.,\func NULL,1
42,26,2022-05-15,5,I made this.,\func NULL,1
42,28,2022-05-15,1,I made this.,\func NULL,1
42,30,2022-05-15,1,I made this.,\func NULL,1
42,33,2022-05-15,1,I made this.,\func NULL,1
42,36,2022-05-15,1,I made this.,\func NULL,1
43,11,2022-05-15,2,I made this.,\func NULL,1
43,13,2022-05-15,1,I made this.,\func NULL,1
43,17,2022-05-15,4,I made this.,\func NULL,1
43,20,2022-05-15,1,I made this.,\func NULL,1
43,24,2022-05-15,1,I made this.,\func NULL,1
43,34,2022-05-15,4,I made this.,\func NULL,1
43,38,2022-05-15,5,I made this.,\func NULL,1
43,42,2022-05-15,2,I made this.,\func NULL,1
44,2,2022-05-15,4,I made this.,\func NULL,1
44,9,2022-05-15,4,I made this.,\func NULL,1
44,20,2022-05-15,3,I made this.,\func NULL,1
44,22,2022-05-15,5,I made this.,\func NULL,1
44,23,2022-05-15,5,I made this.,\func NULL,1
44,26,2022-05-15,1,I made this.,\func NULL,1
44,28,2022-05-15,2,I made this.,\func NULL,1
44,37,2022-05-15,5,I made this.,\func NULL,1
44,38,2022-05-15,1,I made this.,\func NULL,1
44,39,2022-05-15,3,I made this.,\func NULL,1
44,41,2022-05-15,3,I made this.,\func NULL,1
45,1,2022-05-15,4,I made this.,\func NULL,1
45,3,2022-05-15,4,I made this.,\func NULL,1
45,12,2022-05-15,4,I made this.,\func NULL,1
45,14,2022-05-15,5,I made this.,\func NULL,1
45,15,2022-05-15,4,I made this.,\func NULL,1
45,17,2022-05-15,2,I made this.,\func NULL,1
45,24,2022-05-15,2,I made this.,\func NULL,1
45,25,2022-05-15,2,I made this.,\func NULL,1
45,29,2022-05-15,1,I made this.,\func NULL,1
45,31,2022-05-15,5,I made this.,\func NULL,1
45,38,2022-05-15,3,I made this.,\func NULL,1
46,6,2022-05-15,1,I made this.,\func NULL,1
46,7,2022-05-15,3,I made this.,\func NULL,1
46,17,2022-05-15,1,I made this.,\func NULL,1
46,21,2022-05-15,4,I made this.,\func NULL,1
46,22,2022-05-15,1,I made this.,\func NULL,1
46,24,2022-05-15,2,I made this.,\func NULL,1
47,3,2022-05-15,3,I made this.,\func NULL,1
47,7,2022-05-15,1,I made this.,\func NULL,1
47,16,2022-05-15,4,I made this.,\func NULL,1
47,32,2022-05-15,4,I made this.,\func NULL,1
47,36,2022-05-15,4,I made this.,\func NULL,1
47,37,2022-05-15,1,I made this.,\func NULL,1
47,38,2022-05-15,5,I made this.,\func NULL,1
47,41,2022-05-15,5,I made this.,\func NULL,1
48,2,2022-05-15,5,I made this.,\func NULL,1
48,8,2022-05-15,5,I made this.,\func NULL,1
48,22,2022-05-15,3,I made this.,\func NULL,1
48,25,2022-05-15,3,I made this.,\func NULL,1
48,26,2022-05-15,4,I made this.,\func NULL,1
48,43,2022-05-15,5,I made this.,\func NULL,1
49,4,2022-05-15,2,I made this.,\func NULL,1
49,8,2022-05-15,3,I made this.,\func NULL,1
49,13,2022-05-15,5,I made this.,\func NULL,1
49,18,2022-05-15,1,I made this.,\func NULL,1
49,20,2022-05-15,3,I made this.,\func NULL,1
49,33,2022-05-15,1,I made this.,\func NULL,1
49,35,2022-05-15,2,I made this.,\func NULL,1
49,43,2022-05-15,4,I made this.,\func NULL,1
50,1,2022-05-15,4,I made this.,\func NULL,1
50,6,2022-05-15,3,I made this.,\func NULL,1
50,8,2022-05-15,4,I made this.,\func NULL,1
50,9,2022-05-15,2,I made this.,\func NULL,1
50,19,2022-05-15,3,I made this.,\func NULL,1
50,25,2022-05-15,1,I made this.,\func NULL,1
50,29,2022-05-15,2,I made this.,\func NULL,1
50,30,2022-05-15,3,I made this.,\func NULL,1
50,35,2022-05-15,2,I made this.,\func NULL,1
50,40,2022-05-15,1,I made this.,\func NULL,1
51,7,2022-05-15,3,I made this.,\func NULL,1
51,12,2022-05-15,1,I made this.,\func NULL,1
51,15,2022-05-15,5,I made this.,\func NULL,1
51,21,2022-05-15,2,I made this.,\func NULL,1
51,31,2022-05-15,2,I made this.,\func NULL,1
51,36,2022-05-15,2,I made this.,\func NULL,1
52,4,2022-05-15,2,I made this.,\func NULL,1
52,6,2022-05-15,1,I made this.,\func NULL,1
52,7,2022-05-15,3,I made this.,\func NULL,1
52,26,2022-05-15,5,I made this.,\func NULL,1
52,30,2022-05-15,3,I made this.,\func NULL,1
52,35,2022-05-15,4,I made this.,\func NULL,1
53,5,2022-05-15,2,I made this.,\func NULL,1
53,7,2022-05-15,1,I made this.,\func NULL,1
53,8,2022-05-15,3,I made this.,\func NULL,1
53,10,2022-05-15,1,I made this.,\func NULL,1
53,12,2022-05-15,2,I made this.,\func NULL,1
53,13,2022-05-15,2,I made this.,\func NULL,1
53,22,2022-05-15,3,I made this.,\func NULL,1
53,31,2022-05-15,2,I made this.,\func NULL,1
53,32,2022-05-15,2,I made this.,\func NULL,1
53,36,2022-05-15,2,I made this.,\func NULL,1